matrix_key,kappa,floor_h,usable_voters,B_size,cell_slack_float,supports,certificate_type,committee,deficit_voter,singleton_margin,worst_price_margin,certificate_detail
32537241398652,2,1 1 1 1 1 1 1 1,1 2 3 4 5 6 7 8,8,0.0909090909091,1257 | 1346 | 13578 | 23458 | 23678 | 45678,all-one averaging + coalitionwise price-saturation,chosen by singleton-safe deficit voter,chosen among all 8 voters,guaranteed by sum identity,1/4,"v1->4,5; v2->2,3; v3->1,6; v4->1,5; v5->2,5; v6->1,4; v7->2,4; v8->1,2"
32604903648569,2,1 1 1 1 1 1 1 1,1 2 3 4 5 6 7 8,8,0.0769230769231,1348 | 1246 | 1357 | 23458 | 23678 | 45678,all-one averaging + coalitionwise price-saturation,chosen by singleton-safe deficit voter,chosen among all 8 voters,guaranteed by sum identity,1/4,"v1->4,5; v2->1,6; v3->2,6; v4->3,5; v5->1,5; v6->3,4; v7->2,4; v8->2,3"
32672549383481,2,1 1 1 1 1 1 1 1,1 2 3 4 5 6 7 8,8,0.0909090909091,1248 | 1246 | 1357 | 23458 | 23678 | 45678,all-one averaging + coalitionwise price-saturation,chosen by singleton-safe deficit voter,chosen among all 8 voters,guaranteed by sum identity,1/4,"v1->4,5; v2->3,6; v3->1,6; v4->3,5; v5->1,5; v6->1,3; v7->2,4; v8->2,3"
58716023115386,2,1 1 1 1 1 1 1 1,1 2 3 4 5 6 7 8,8,0.0909090909091,1347 | 2348 | 1256 | 13578 | 23678 | 45678,all-one averaging + coalitionwise price-saturation,chosen by singleton-safe deficit voter,chosen among all 8 voters,guaranteed by sum identity,1/3,"v1->2,6; v2->1,6; v3->3,6; v4->3,4; v5->1,5; v6->2,4; v7->2,3; v8->1,3"
27088652807480,3,1 1 1 1 1 1 1 1,1 2 3 4 5 6 7 8,8,0.0909090909091,45 | 126 | 137 | 238 | 4678 | 5678,all-one averaging + coalitionwise price-saturation,chosen by singleton-safe deficit voter,chosen among all 8 voters,guaranteed by sum identity,1/4,"v1->1,4,5; v2->1,3,5; v3->1,2,5; v4->2,3,6; v5->2,3,5; v6->1,3,4; v7->1,2,4; v8->1,2,3"
58513086418232,2,1 1 1 1 1 0 1 1,1 2 3 4 5 7 8,7,0.0666666666667,124 | 2345 | 1357 | 1358 | 23678 | 45678,boundary saturation certificate,1 3,8,1/16,0 on boundary; 7/24 for all other coalition domains,"Only zero-margin coalition is {6,8}; A^T alpha=1 gives alpha_6=1/2-2 alpha_8<1/2, so voter 6 fails saturation for s=2."
914266975544,2,0 1 1 1 1 1 1 1,2 3 4 5 6 7 8,7,0.0666666666667,235 | 3456 | 2467 | 2468 | 3478 | 5678,fixed coalitionwise price-saturation,1 4,7,1/16,3/8,98 coalition domains; 7 x-vertices; 2 base dual vertices
31573055577530,2,1 1 1 1 0 1 1 1,1 2 3 4 6 7 8,7,0.0666666666667,126 | 1278 | 1347 | 2348 | 35678 | 45678,fixed coalitionwise price-saturation,1 5,4,1/16,3/8,90 coalition domains; 7 x-vertices; 3 base dual vertices
32325714001272,2,1 1 1 1 1 1 1 0,1 2 3 4 5 6 7,7,0.0666666666667,1367 | 1246 | 1257 | 3458 | 23678 | 45678,fixed coalitionwise price-saturation,1 4,2,1/16,1/4,93 coalition domains; 7 x-vertices; 3 base dual vertices
32537123704378,2,1 1 1 1 1 1 0 1,1 2 3 4 5 6 8,7,0.0666666666667,124 | 1348 | 1356 | 23578 | 23678 | 45678,fixed coalitionwise price-saturation,1 5,5,1/16,3/8,84 coalition domains; 7 x-vertices; 3 base dual vertices
32537156726588,2,1 1 1 1 1 1 1 1,1 2 3 4 5 6,6,0.0666666666667,124 | 1356 | 13478 | 23578 | 23678 | 45678,fixed coalitionwise price-saturation,1 4,6,1/16,3/8,64 coalition domains; 7 x-vertices; 3 base dual vertices
32537156726589,2,1 1 1 1 1 1 1 1,1 2 3 4 5 6 7,7,0.0666666666667,1248 | 1356 | 13478 | 23578 | 23678 | 45678,fixed coalitionwise price-saturation,1 4,6,1/16,3/8,84 coalition domains; 7 x-vertices; 4 base dual vertices
32537224883512,2,1 1 1 1 1 1 1 0,1 2 3 4 5 6 7,7,0.0666666666667,124 | 1356 | 1357 | 23458 | 23678 | 45678,fixed coalitionwise price-saturation,2 4,7,1/16,1/3,83 coalition domains; 7 x-vertices; 3 base dual vertices
32537241128054,2,1 1 1 1 1 0 1 1,1 2 3 4 5 7 8,7,0.0666666666667,127 | 1348 | 1358 | 2345 | 23678 | 45678,fixed coalitionwise price-saturation,1 2,5,1/16,1/8,86 coalition domains; 7 x-vertices; 4 base dual vertices
32603644554358,2,1 1 1 0 1 1 1 1,1 2 3 5 6 7 8,7,0.0666666666667,157 | 1268 | 1368 | 2356 | 2378 | 45678,fixed coalitionwise price-saturation,1 4,8,1/32,5/16,114 coalition domains; 7 x-vertices; 3 base dual vertices
32603813129529,2,1 1 1 1 1 1 1 1,1 2 3 4 5 6 7 8,8,0.0769230769231,18 | 1246 | 1357 | 23458 | 23678 | 45678,fixed coalitionwise price-saturation,2 5,5,1/28,3/7,40 coalition domains; 7 x-vertices; 6 base dual vertices
32604769439354,2,1 1 1 1 1 1 1 1,1 2 3 4 5 6 7,7,0.0666666666667,1347 | 1248 | 1356 | 23578 | 23678 | 45678,fixed coalitionwise price-saturation,1 4,6,1/16,3/8,97 coalition domains; 7 x-vertices; 5 base dual vertices
32672532606265,2,1 1 1 1 1 1 1 1,1 2 3 4 5 6 7 8,8,0.0769230769231,128 | 1246 | 1357 | 23458 | 23678 | 45678,fixed coalitionwise price-saturation,1 6,3,1/28,3/8,92 coalition domains; 9 x-vertices; 6 base dual vertices
32672549379260,2,1 1 1 1 1 1 1 1,1 2 3 4 5 6 7,7,0.0666666666667,1246 | 1247 | 1358 | 23458 | 23678 | 45678,fixed coalitionwise price-saturation,1 3,7,1/16,3/16,98 coalition domains; 7 x-vertices; 5 base dual vertices
49296137752252,2,1 1 1 1 1 0 1 1,1 2 3 4 5 7 8,7,0.0666666666667,125 | 1347 | 2348 | 12678 | 35678 | 45678,fixed coalitionwise price-saturation,1 2,8,1/32,1/3,103 coalition domains; 7 x-vertices; 3 base dual vertices
49296138264120,2,1 1 1 1 1 1 1 1,1 2 3 4 5 6,6,0.0833333333333,1256 | 1345 | 2346 | 1278 | 35678 | 45678,fixed coalitionwise price-saturation,1 5,4,1/16,3/8,82 coalition domains; 7 x-vertices; 4 base dual vertices
49714793213368,2,1 1 1 0 1 1 1 1,1 2 3 5 6 7 8,7,0.0666666666667,125 | 1267 | 3567 | 1368 | 2378 | 45678,fixed coalitionwise price-saturation,1 3,8,1/16,1/4,103 coalition domains; 7 x-vertices; 4 base dual vertices
49854431825336,2,1 1 1 1 1 0 1 1,1 2 3 4 5 7 8,7,0.0666666666667,124 | 1347 | 2357 | 1358 | 23678 | 45678,fixed coalitionwise price-saturation,1 3,8,1/16,1/3,104 coalition domains; 7 x-vertices; 4 base dual vertices
49854465912380,2,1 1 1 1 1 1 1 1,1 2 3 4 5 6 7,7,0.0666666666667,124 | 1356 | 23458 | 13578 | 23678 | 45678,fixed coalitionwise price-saturation,2 3,7,1/16,1/3,86 coalition domains; 7 x-vertices; 4 base dual vertices
49922128158270,2,1 1 1 1 1 1 1 1,1 2 3 4 5 6 7,7,0.0666666666667,1356 | 1248 | 23458 | 13578 | 23678 | 45678,fixed coalitionwise price-saturation,1 2,7,1/16,1/3,100 coalition domains; 7 x-vertices; 4 base dual vertices
49989755289144,2,1 1 1 1 1 1 1 1,1 2 3 4 5 6,6,0.0714285714286,1246 | 1256 | 2345 | 1378 | 23678 | 45678,fixed coalitionwise price-saturation,1 4,5,1/16,3/8,90 coalition domains; 7 x-vertices; 4 base dual vertices
58157679484604,2,1 1 1 1 1 1 1 1,1 2 3 4 5 6 7,7,0.0666666666667,1346 | 2347 | 1258 | 12678 | 35678 | 45678,fixed coalitionwise price-saturation,1 4,5,1/32,5/16,84 coalition domains; 7 x-vertices; 3 base dual vertices
58157744196920,2,1 1 1 1 1 0 1 1,1 2 3 4 5 7 8,7,0.0666666666667,1345 | 2345 | 1247 | 1258 | 3678 | 45678,fixed coalitionwise price-saturation,4 5,4,1/32,3/8,119 coalition domains; 7 x-vertices; 5 base dual vertices
58513033194808,2,1 1 1 0 1 1 1 1,1 2 3 5 6 7 8,7,0.0666666666667,125 | 2356 | 1367 | 1368 | 2378 | 45678,fixed coalitionwise price-saturation,1 4,7,1/16,3/16,105 coalition domains; 7 x-vertices; 4 base dual vertices
58513086434872,2,1 1 1 1 1 1 1 1,1 2 3 4 5 6,6,0.0769230769231,124 | 2345 | 1356 | 13578 | 23678 | 45678,fixed coalitionwise price-saturation,1 4,6,1/16,3/8,63 coalition domains; 7 x-vertices; 4 base dual vertices
58513086434876,2,1 1 1 1 1 1 1 1,1 2 3 4 5 6 7,7,0.0666666666667,124 | 2345 | 13568 | 13578 | 23678 | 45678,fixed coalitionwise price-saturation,1 3,7,1/16,1/4,82 coalition domains; 7 x-vertices; 4 base dual vertices
58513086434878,2,1 1 1 1 1 1 1 1,1 2 3 4 5 6 7,7,0.0666666666667,124 | 23458 | 13568 | 13578 | 23678 | 45678,fixed coalitionwise price-saturation,1 3,7,1/16,3/8,74 coalition domains; 7 x-vertices; 3 base dual vertices
58513086434879,2,1 1 1 1 1 1 1 2,1 2 3 4 5 6 7,7,0.0666666666667,1248 | 23458 | 13568 | 13578 | 23678 | 45678,fixed coalitionwise price-saturation,1 4,6,1/16,3/8,81 coalition domains; 7 x-vertices; 3 base dual vertices
58513135455802,2,1 1 1 1 1 1 0 1,1 2 3 4 5 6 8,7,0.0666666666667,125 | 2348 | 1346 | 13578 | 23678 | 45678,fixed coalitionwise price-saturation,2 4,6,1/16,1/4,80 coalition domains; 7 x-vertices; 3 base dual vertices
58716022591100,2,1 1 1 1 1 1 1 1,1 2 3 4 5 6 7,7,0.0666666666667,1347 | 2345 | 1268 | 13578 | 23678 | 45678,fixed coalitionwise price-saturation,1 3,5,1/16,1/4,96 coalition domains; 7 x-vertices; 4 base dual vertices
58783718391096,2,1 1 1 1 1 1 1 1,1 2 3 4 5 6 7,7,0.0666666666667,1256 | 2346 | 1247 | 1358 | 23678 | 45678,fixed coalitionwise price-saturation,2 4,7,1/16,1/3,110 coalition domains; 7 x-vertices; 5 base dual vertices
62910058942014,2,1 1 1 1 1 1 1 1,1 2 3 4 5 6 7,7,0.0666666666667,2345 | 1248 | 13568 | 13578 | 23678 | 45678,fixed coalitionwise price-saturation,2 3,7,1/16,1/3,93 coalition domains; 7 x-vertices; 4 base dual vertices
63043202649530,2,1 1 1 1 1 0 1 1,1 2 3 4 5 7 8,7,0.0666666666667,234 | 1478 | 1257 | 1358 | 23678 | 45678,fixed coalitionwise price-saturation,1 2,5,1/16,1/4,82 coalition domains; 7 x-vertices; 3 base dual vertices
63043269479474,2,1 1 1 1 1 1 0 1,1 2 3 4 5 6 8,7,0.0666666666667,2345 | 1458 | 1246 | 1356 | 2378 | 45678,fixed coalitionwise price-saturation,2 5,6,1/16,1/4,114 coalition domains; 7 x-vertices; 4 base dual vertices
63045383433788,2,1 1 1 1 1 1 1 1,1 2 3 4 5 6 7,7,0.0666666666667,2345 | 1356 | 1248 | 13578 | 23678 | 45678,fixed coalitionwise price-saturation,1 4,6,1/16,3/8,78 coalition domains; 7 x-vertices; 4 base dual vertices
63180707933496,2,1 1 1 1 1 1 1 1,1 2 3 4 5 6 7,7,0.0666666666667,2345 | 1246 | 1247 | 1358 | 23678 | 45678,fixed coalitionwise price-saturation,2 4,7,1/16,1/4,98 coalition domains; 7 x-vertices; 6 base dual vertices
67307097730100,2,1 1 1 1 1 1 0 1,1 2 3 4 5 6 8,7,0.0666666666667,1245 | 1246 | 1348 | 1356 | 2378 | 45678,fixed coalitionwise price-saturation,1 5,6,1/16,1/3,105 coalition domains; 7 x-vertices; 4 base dual vertices
67578533919540,2,1 1 1 1 0 1 1 1,1 2 3 4 6 7 8,7,0.0666666666667,1236 | 1246 | 1278 | 1347 | 2348 | 5678,fixed coalitionwise price-saturation,2 3,3,1/16,1/8,115 coalition domains; 7 x-vertices; 6 base dual vertices
849791561016,3,0 1 2 2 1 1 1 1,2 3 4 5 6 7 8,7,0.0769230769231,345 | 346 | 237 | 248 | 3478 | 5678,fixed coalitionwise price-saturation,1 3 4,6,1/12,1/3,106 coalition domains; 7 x-vertices; 2 base dual vertices
1050598362489,3,0 2 1 1 1 1 2 2,2 3 4 5 6 7 8,7,0.0769230769231,278 | 235 | 2467 | 2468 | 3478 | 5678,fixed coalitionwise price-saturation,1 2 4,7,1/8,5/14,72 coalition domains; 7 x-vertices; 2 base dual vertices
14595049057394,3,1 1 1 1 2 2 1 1,1 2 3 5 6 7 8,7,0.0769230769231,157 | 168 | 2456 | 3456 | 2378 | 45678,fixed coalitionwise price-saturation,1 4 6,2,1/12,1/3,103 coalition domains; 7 x-vertices; 5 base dual vertices
14875058661936,3,1 1 2 2 1 1 1 1,1 3 4 5 6 7 8,7,0.0769230769231,135 | 146 | 3456 | 2347 | 2348 | 5678,fixed coalitionwise price-saturation,1 2 4,8,1/12,1/6,123 coalition domains; 7 x-vertices; 5 base dual vertices
15167389134458,3,1 1 2 2 2 2 2 2,1 2 3 4 5 6 7 8,8,0.0909090909091,1357 | 1468 | 23456 | 23478 | 25678 | 345678,fixed coalitionwise price-saturation,2 4 6,5,1/12,1/3,83 coalition domains; 7 x-vertices; 6 base dual vertices
15219831282876,3,1 2 2 1 1 1 1 1,1 2 3 4 5 6 7,7,0.0769230769231,126 | 137 | 2348 | 2358 | 23678 | 45678,fixed coalitionwise price-saturation,1 3 4,7,1/12,1/3,119 coalition domains; 7 x-vertices; 3 base dual vertices
15219847498808,3,1 2 2 1 1 1 1 1,1 2 3 4 5 6 7,7,0.0769230769231,124 | 135 | 2345 | 2368 | 2378 | 45678,fixed coalitionwise price-saturation,1 4 6,3,1/48,1/4,110 coalition domains; 7 x-vertices; 4 base dual vertices
15219983854968,3,1 2 2 2 2 1 2 1,1 2 3 4 5 6 7 8,8,0.0909090909091,1247 | 1356 | 23457 | 23458 | 23678 | 45678,fixed coalitionwise price-saturation,1 2 3,8,1/12,1/4,107 coalition domains; 9 x-vertices; 6 base dual vertices
22641705172280,3,1 1 2 2 1 2 1 1,1 2 3 4 6 7 8,7,0.0769230769231,126 | 3456 | 1347 | 2348 | 35678 | 45678,fixed coalitionwise price-saturation,1 2 3,8,1/8,1/7,107 coalition domains; 7 x-vertices; 4 base dual vertices
23876289130042,3,1 2 1 1 2 2 1 1,1 2 3 4 5 6 7,7,0.0769230769231,124 | 2568 | 1356 | 23578 | 23678 | 45678,fixed coalitionwise price-saturation,1 2 5,5,1/8,1/3,59 coalition domains; 7 x-vertices; 3 base dual vertices
27095296560440,3,1 1 1 2 1 1 1 1,1 2 3 4 5 6 7 8,8,0.0833333333333,45 | 123 | 1467 | 2468 | 3478 | 5678,fixed coalitionwise price-saturation,1 2 6,4,1/40,3/10,88 coalition domains; 10 x-vertices; 3 base dual vertices
27107380116792,3,1 1 2 2 0 2 1 1,1 2 3 4 6 7 8,7,0.0769230769231,346 | 126 | 1347 | 2348 | 35678 | 45678,fixed coalitionwise price-saturation,1 2 3,8,1/8,1/3,85 coalition domains; 7 x-vertices; 3 base dual vertices
27582962523316,3,1 1 1 0 2 2 1 1,1 2 3 5 6 7 8,7,0.0769230769231,256 | 157 | 168 | 3456 | 2378 | 45678,fixed coalitionwise price-saturation,1 2 4,8,1/12,1/4,121 coalition domains; 7 x-vertices; 3 base dual vertices
27584905788272,3,1 1 1 1 0 2 2 1,1 2 3 4 6 7 8,7,0.0769230769231,267 | 136 | 147 | 3467 | 2348 | 5678,fixed coalitionwise price-saturation,2 5 6,7,1/48,1/4,117 coalition domains; 7 x-vertices; 4 base dual vertices
28206739439164,3,1 1 2 1 2 2 1 1,1 2 3 4 5 6 7,7,0.0769230769231,356 | 1256 | 1348 | 23578 | 23678 | 45678,fixed coalitionwise price-saturation,1 2 3,7,1/8,1/3,71 coalition domains; 7 x-vertices; 3 base dual vertices
28206739439165,3,1 1 2 1 2 2 1 2,1 2 3 4 5 6 7,7,0.0769230769231,3568 | 1256 | 1348 | 23578 | 23678 | 45678,fixed coalitionwise price-saturation,1 3 5,5,1/8,1/3,65 coalition domains; 7 x-vertices; 4 base dual vertices
28274352152120,3,1 2 1 1 2 2 1 1,1 2 3 4 5 6,6,0.0769230769231,256 | 124 | 1356 | 23578 | 23678 | 45678,fixed coalitionwise price-saturation,1 2 5,5,1/8,5/7,34 coalition domains; 7 x-vertices; 3 base dual vertices
28275407793464,3,1 2 2 1 1 1 1 1,1 2 3 4 5 6 7,7,0.0769230769231,234 | 126 | 137 | 2358 | 23678 | 45678,fixed coalitionwise price-saturation,1 2 5,5,1/12,1/4,87 coalition domains; 7 x-vertices; 3 base dual vertices
28275408292912,3,1 2 2 1 1 1 1 1,1 2 3 4 5 6,6,0.0909090909091,234 | 125 | 136 | 2356 | 2378 | 45678,fixed coalitionwise price-saturation,1 2 5,6,1/12,1/3,106 coalition domains; 7 x-vertices; 4 base dual vertices
28275560103224,3,1 2 2 1 2 2 1 1,1 2 3 4 5 6 7 8,8,0.0909090909091,2356 | 1246 | 1357 | 23458 | 23678 | 45678,fixed coalitionwise price-saturation,1 2 3,8,1/12,1/4,113 coalition domains; 11 x-vertices; 5 base dual vertices
40563122536124,3,1 1 1 1 0 2 2 2,1 2 3 4 6 7 8,7,0.0769230769231,136 | 2467 | 2468 | 1278 | 3478 | 5678,fixed coalitionwise price-saturation,1 3 6,7,1/8,1/4,112 coalition domains; 7 x-vertices; 4 base dual vertices
40783476337852,3,1 1 2 1 2 1 1 2,1 2 3 5 6 7 8,7,0.0769230769231,125 | 3567 | 3458 | 1368 | 2378 | 45678,fixed coalitionwise price-saturation,1 2 3,8,1/8,1/3,113 coalition domains; 7 x-vertices; 4 base dual vertices
40841510579320,3,1 1 1 2 2 2 1 1,1 2 3 4 7 8,6,0.0833333333333,147 | 2456 | 3456 | 1568 | 2378 | 45678,fixed coalitionwise price-saturation,1 2 4,3,1/12,1/3,99 coalition domains; 7 x-vertices; 4 base dual vertices
41193597250874,3,1 2 1 1 2 1 1 2,1 2 3 4 5 7 8,7,0.0769230769231,124 | 2568 | 2357 | 1358 | 23678 | 45678,fixed coalitionwise price-saturation,1 2 3,8,1/8,1/3,97 coalition domains; 7 x-vertices; 4 base dual vertices
41195758886462,3,1 2 2 1 1 1 1 2,1 2 3 4 5 6 7,7,0.0769230769231,126 | 2348 | 2358 | 1378 | 23678 | 45678,fixed coalitionwise price-saturation,1 3 4,4,1/12,1/6,92 coalition domains; 7 x-vertices; 4 base dual vertices
44830462529081,3,1 1 2 2 1 1 1 2,1 2 3 4 5 6 8,7,0.0769230769231,348 | 1345 | 2346 | 1278 | 35678 | 45678,fixed coalitionwise price-saturation,1 3 4,5,1/8,1/2,90 coalition domains; 7 x-vertices; 3 base dual vertices
44830462529145,3,1 1 2 2 1 1 2 2,1 2 3 4 5 6,6,0.1,3478 | 1345 | 2346 | 1278 | 35678 | 45678,fixed coalitionwise price-saturation,1 2 4,6,1/8,11/21,93 coalition domains; 7 x-vertices; 4 base dual vertices
45170837085368,3,1 1 1 2 1 2 1 1,1 2 3 4 6 7 8,7,0.0769230769231,246 | 147 | 3456 | 1568 | 2378 | 45678,fixed coalitionwise price-saturation,1 2 3,8,1/12,1/6,121 coalition domains; 7 x-vertices; 4 base dual vertices
45249101483321,3,1 1 2 0 2 1 1 2,1 2 3 5 6 7 8,7,0.0769230769231,358 | 125 | 3567 | 1368 | 2378 | 45678,fixed coalitionwise price-saturation,1 2 3,8,1/8,3/14,67 coalition domains; 7 x-vertices; 3 base dual vertices
45249118260536,3,1 1 2 1 2 1 1 1,1 2 3 4 5 6 7 8,8,0.0909090909091,345 | 125 | 3567 | 1368 | 2378 | 45678,fixed coalitionwise price-saturation,1 2 6,3,1/40,3/10,82 coalition domains; 11 x-vertices; 3 base dual vertices
45591660268857,3,1 2 1 1 2 0 1 2,1 2 3 4 5 7 8,7,0.0769230769231,258 | 124 | 2357 | 1358 | 23678 | 45678,fixed coalitionwise price-saturation,1 2 6,3,1/8,1/4,73 coalition domains; 7 x-vertices; 3 base dual vertices
45592714882620,3,1 2 2 1 1 1 1 1,1 2 3 4 5 6 7,7,0.0769230769231,234 | 126 | 2358 | 1378 | 23678 | 45678,fixed coalitionwise price-saturation,1 4 5,5,1/12,1/4,83 coalition domains; 7 x-vertices; 3 base dual vertices
49715833109040,3,1 1 2 2 1 2 1 1,1 2 3 4 6 7 8,7,0.0769230769231,1236 | 1246 | 3456 | 1347 | 2348 | 5678,fixed coalitionwise price-saturation,1 3 6,4,1/8,1/4,115 coalition domains; 7 x-vertices; 6 base dual vertices
53964663864632,3,1 1 1 0 2 2 1 1,1 2 3 5 6 7 8,7,0.0769230769231,256 | 356 | 157 | 168 | 2378 | 45678,fixed coalitionwise price-saturation,1 2 3,8,1/12,1/4,119 coalition domains; 7 x-vertices; 3 base dual vertices
53964781567288,3,1 1 1 2 0 2 1 1,1 2 3 4 6 7 8,7,0.0769230769231,246 | 346 | 147 | 1568 | 2378 | 45678,fixed coalitionwise price-saturation,1 2 4,7,1/12,1/4,114 coalition domains; 7 x-vertices; 3 base dual vertices
53964782357816,3,1 1 1 2 2 1 1 1,1 2 3 4 5 7 8,7,0.0769230769231,245 | 345 | 1467 | 1568 | 2378 | 45678,fixed coalitionwise price-saturation,1 2 3,8,1/12,1/4,119 coalition domains; 7 x-vertices; 3 base dual vertices
53964782366008,3,1 1 1 2 2 1 1 1,1 2 3 4 5 7 8,7,0.0769230769231,245 | 3456 | 1467 | 1568 | 2378 | 45678,fixed coalitionwise price-saturation,1 2 3,8,1/12,1/4,121 coalition domains; 7 x-vertices; 3 base dual vertices
53964782370104,3,1 1 1 2 2 2 1 1,1 2 3 4 5 7 8,7,0.0769230769231,2456 | 3456 | 1467 | 1568 | 2378 | 45678,fixed coalitionwise price-saturation,1 2 3,8,1/12,1/3,121 coalition domains; 7 x-vertices; 5 base dual vertices
54318042656120,3,1 1 2 2 1 1 2 1,1 2 3 4 5 6 7,7,0.0769230769231,347 | 2346 | 1247 | 1358 | 23678 | 45678,fixed coalitionwise price-saturation,1 3 4,6,1/8,1/4,91 coalition domains; 7 x-vertices; 4 base dual vertices
54318042656121,3,1 1 2 2 1 1 2 2,1 2 3 4 5 6 7,7,0.0769230769231,3478 | 2346 | 1247 | 1358 | 23678 | 45678,fixed coalitionwise price-saturation,1 2 4,7,1/8,1/3,97 coalition domains; 7 x-vertices; 5 base dual vertices
54386642791736,3,1 2 2 0 1 1 1 1,1 2 3 5 6 7 8,7,0.0769230769231,235 | 236 | 127 | 138 | 2378 | 45678,fixed coalitionwise price-saturation,1 3 4,6,1/12,1/6,97 coalition domains; 7 x-vertices; 3 base dual vertices
54386659888440,3,1 2 2 1 1 0 1 1,1 2 3 4 5 7 8,7,0.0769230769231,234 | 235 | 127 | 138 | 23678 | 45678,fixed coalitionwise price-saturation,1 3 4,5,1/12,1/3,72 coalition domains; 7 x-vertices; 3 base dual vertices
54386659905080,3,1 2 2 1 1 1 1 1,1 2 3 4 5 6,6,0.0769230769231,234 | 235 | 126 | 1378 | 23678 | 45678,fixed coalitionwise price-saturation,1 3 4,5,1/12,1/3,71 coalition domains; 7 x-vertices; 3 base dual vertices
54386659905084,3,1 2 2 1 1 1 1 1,1 2 3 4 5 6 7,7,0.0769230769231,234 | 235 | 1268 | 1378 | 23678 | 45678,fixed coalitionwise price-saturation,1 3 4,5,1/12,1/3,72 coalition domains; 7 x-vertices; 3 base dual vertices
54386659905086,3,1 2 2 1 1 1 1 2,1 2 3 4 5 6 7,7,0.0769230769231,234 | 2358 | 1268 | 1378 | 23678 | 45678,fixed coalitionwise price-saturation,1 3 4,5,1/12,1/4,87 coalition domains; 7 x-vertices; 3 base dual vertices
54386659905087,3,1 2 2 1 1 1 1 3,1 2 3 4 5 6 7,7,0.0769230769231,2348 | 2358 | 1268 | 1378 | 23678 | 45678,fixed coalitionwise price-saturation,1 3 4,5,1/12,1/3,95 coalition domains; 7 x-vertices; 3 base dual vertices
54386663042360,3,1 2 2 1 2 1 1 1,1 2 3 4 5 6 7 8,8,0.0909090909091,234 | 2356 | 1257 | 1358 | 23678 | 45678,fixed coalitionwise price-saturation,1 2 3,8,1/12,1/4,110 coalition domains; 11 x-vertices; 3 base dual vertices
63113965763120,3,1 1 2 2 0 2 1 1,1 2 3 4 6 7 8,7,0.0769230769231,346 | 1236 | 1246 | 1347 | 2348 | 5678,fixed coalitionwise price-saturation,1 5 6,1,1/12,1/2,109 coalition domains; 7 x-vertices; 5 base dual vertices
63179617918000,3,1 2 1 1 2 2 1 1,1 2 3 4 5 6,6,0.0833333333333,256 | 1245 | 1246 | 1356 | 2378 | 45678,fixed coalitionwise price-saturation,1 3 5,5,1/8,9/14,53 coalition domains; 7 x-vertices; 4 base dual vertices
63179617918001,3,1 2 1 1 2 2 1 1,1 2 3 4 5 6 7,7,0.0769230769231,2568 | 1245 | 1246 | 1356 | 2378 | 45678,fixed coalitionwise price-saturation,1 3 5,5,1/8,1/4,92 coalition domains; 7 x-vertices; 4 base dual vertices
67158734424824,3,2 1 1 1 0 1 2 1,1 2 3 4 6 7 8,7,0.0769230769231,127 | 137 | 146 | 1478 | 2348 | 5678,fixed coalitionwise price-saturation,2 3 4,2,1/12,1/12,106 coalition domains; 7 x-vertices; 4 base dual vertices
67160848878200,3,2 1 1 1 1 1 1 1,1 2 3 4 5 6 7 8,8,0.0909090909091,127 | 145 | 136 | 1478 | 2348 | 5678,fixed coalitionwise price-saturation,1 2 3,8,1/40,1/6,127 coalition domains; 11 x-vertices; 5 base dual vertices
67163114868412,3,2 1 1 1 1 1 2 2,1 2 3 4 5 7 8,7,0.0769230769231,124 | 1357 | 1358 | 1678 | 2378 | 45678,fixed coalitionwise price-saturation,1 3 4,7,1/8,3/14,105 coalition domains; 7 x-vertices; 5 base dual vertices
67169506183730,3,2 1 1 2 1 1 1 1,1 2 4 5 6 7 8,7,0.0769230769231,125 | 1458 | 1346 | 1347 | 2348 | 5678,fixed coalitionwise price-saturation,1 3 5,7,1/12,1/4,120 coalition domains; 7 x-vertices; 4 base dual vertices
67169558932922,3,2 1 1 1 1 1 2 2,1 2 3 4 5 7 8,7,0.0769230769231,124 | 1678 | 1357 | 1358 | 23678 | 45678,fixed coalitionwise price-saturation,1 5 6,1,1/48,1/4,74 coalition domains; 7 x-vertices; 4 base dual vertices
67169558949562,3,2 1 1 1 1 2 2 2,1 2 3 4 5 6,6,0.0909090909091,124 | 1678 | 1356 | 13578 | 23678 | 45678,fixed coalitionwise price-saturation,1 2 4,6,1/8,19/28,47 coalition domains; 7 x-vertices; 4 base dual vertices
67169558949566,3,2 1 1 1 1 2 2 2,1 2 3 4 5 6 7,7,0.0769230769231,124 | 1678 | 13568 | 13578 | 23678 | 45678,fixed coalitionwise price-saturation,1 2 4,6,1/8,3/14,59 coalition domains; 7 x-vertices; 3 base dual vertices
67171737832636,3,2 1 2 1 1 1 1 2,1 2 3 4 5 6 7,7,0.0769230769231,124 | 1347 | 1358 | 1368 | 2378 | 45678,fixed coalitionwise price-saturation,1 4 5,5,1/12,1/4,114 coalition domains; 7 x-vertices; 5 base dual vertices
67229534800433,3,2 1 1 1 1 1 1 1,1 2 3 4 5 6 7 8,8,0.0909090909091,18 | 125 | 136 | 147 | 2348 | 5678,fixed coalitionwise price-saturation,2 3 4,8,1/40,7/15,95 coalition domains; 7 x-vertices; 6 base dual vertices
67233913399860,3,2 1 1 2 1 1 1 1,1 2 4 5 6 7 8,7,0.0769230769231,145 | 126 | 1468 | 1347 | 2348 | 5678,fixed coalitionwise price-saturation,1 2 5,7,1/12,1/4,122 coalition domains; 7 x-vertices; 5 base dual vertices
67238258986361,3,2 1 1 0 1 1 2 2,1 2 3 5 6 7 8,7,0.0769230769231,178 | 125 | 1367 | 1368 | 2378 | 45678,fixed coalitionwise price-saturation,1 2 4,7,1/8,1/7,67 coalition domains; 7 x-vertices; 4 base dual vertices
67238295178617,3,2 1 1 1 1 0 2 2,1 2 3 4 5 7 8,7,0.0769230769231,178 | 124 | 1357 | 1358 | 23678 | 45678,fixed coalitionwise price-saturation,2 4 5,7,1/8,1/3,51 coalition domains; 7 x-vertices; 3 base dual vertices
67238295199289,3,2 1 1 1 1 2 1 2,1 2 3 4 5 6 8,7,0.0769230769231,168 | 124 | 1356 | 13578 | 23678 | 45678,fixed coalitionwise price-saturation,2 3 5,8,1/8,1/3,50 coalition domains; 7 x-vertices; 3 base dual vertices
67238295199356,3,2 1 1 1 1 2 2 1,1 2 3 4 5 6 7,7,0.0769230769231,167 | 124 | 13568 | 13578 | 23678 | 45678,fixed coalitionwise price-saturation,1 2 4,6,1/8,1/2,36 coalition domains; 7 x-vertices; 3 base dual vertices
67238295199358,3,2 1 1 1 1 2 2 2,1 2 3 4 5 6 7,7,0.0769230769231,167 | 1248 | 13568 | 13578 | 23678 | 45678,fixed coalitionwise price-saturation,1 2 4,6,1/8,9/14,30 coalition domains; 7 x-vertices; 3 base dual vertices
67238295199359,3,2 1 1 1 1 2 2 3,1 2 3 4 5 6 7,7,0.0769230769231,1678 | 1248 | 13568 | 13578 | 23678 | 45678,fixed coalitionwise price-saturation,1 2 4,6,1/8,3/7,49 coalition domains; 7 x-vertices; 3 base dual vertices
67239350537528,3,2 1 2 1 1 1 1 1,1 2 3 4 5 6 7,7,0.0769230769231,134 | 125 | 1357 | 1368 | 2378 | 45678,fixed coalitionwise price-saturation,1 2 4,7,1/12,1/3,107 coalition domains; 7 x-vertices; 4 base dual vertices
67298254277169,3,2 1 1 1 1 1 1 1,1 2 3 4 5 6 7 8,8,0.0909090909091,128 | 125 | 136 | 147 | 2348 | 5678,fixed coalitionwise price-saturation,1 3 4,5,1/40,1/5,124 coalition domains; 9 x-vertices; 6 base dual vertices
67371505736755,3,2 1 1 1 1 2 0 2,1 2 3 4 5 6 8,7,0.0769230769231,168 | 1458 | 1246 | 1356 | 2378 | 45678,fixed coalitionwise price-saturation,1 2 5,6,1/8,1/4,57 coalition domains; 7 x-vertices; 3 base dual vertices
67371505736819,3,2 1 1 1 1 2 1 2,1 2 3 4 5 6 8,7,0.0769230769231,1678 | 1458 | 1246 | 1356 | 2378 | 45678,fixed coalitionwise price-saturation,1 2 5,6,1/8,1/4,113 coalition domains; 7 x-vertices; 4 base dual vertices
67373619691132,3,2 1 1 1 1 2 2 1,1 2 3 4 5 6 7,7,0.0769230769231,167 | 1356 | 1248 | 13578 | 23678 | 45678,fixed coalitionwise price-saturation,2 3 5,7,1/8,1/4,40 coalition domains; 7 x-vertices; 3 base dual vertices
67373619691133,3,2 1 1 1 1 2 2 2,1 2 3 4 5 6 7,7,0.0769230769231,1678 | 1356 | 1248 | 13578 | 23678 | 45678,fixed coalitionwise price-saturation,1 2 3,7,1/8,1/3,86 coalition domains; 7 x-vertices; 4 base dual vertices
67374640974904,3,2 1 2 1 1 1 0 1,1 2 3 4 5 6 8,7,0.0769230769231,134 | 135 | 126 | 1368 | 2378 | 45678,fixed coalitionwise price-saturation,1 2 5,6,1/12,4/15,119 coalition domains; 7 x-vertices; 3 base dual vertices
67508944190840,3,2 1 1 1 1 2 2 1,1 2 3 4 5 6 7,7,0.0769230769231,167 | 1246 | 1247 | 1358 | 23678 | 45678,fixed coalitionwise price-saturation,1 2 4,7,1/8,1/2,51 coalition domains; 7 x-vertices; 5 base dual vertices
67508944190841,3,2 1 1 1 1 2 2 2,1 2 3 4 5 6 7,7,0.0769230769231,1678 | 1246 | 1247 | 1358 | 23678 | 45678,fixed coalitionwise price-saturation,1 2 4,7,1/8,3/14,93 coalition domains; 7 x-vertices; 5 base dual vertices
67577426881332,3,2 2 1 1 1 1 1 1,1 2 5 6 7 8,6,0.1,125 | 126 | 1278 | 1347 | 2348 | 5678,fixed coalitionwise price-saturation,1 2 4,8,1/12,1/3,122 coalition domains; 7 x-vertices; 4 base dual vertices
67577493998258,3,2 2 1 1 1 1 1 1,1 2 3 5 6 7 8,7,0.0769230769231,125 | 1278 | 1246 | 1347 | 2348 | 5678,fixed coalitionwise price-saturation,1 4 5,6,1/12,1/4,122 coalition domains; 7 x-vertices; 4 base dual vertices
67577527814769,3,2 2 1 2 1 1 1 1,1 2 3 5 6 7 8,7,0.0769230769231,1278 | 1245 | 1246 | 1347 | 2348 | 5678,fixed coalitionwise price-saturation,1 2 4,6,1/12,1/6,122 coalition domains; 7 x-vertices; 6 base dual vertices
67577578179896,3,2 2 1 1 1 1 1 1,1 2 3 4 5 6 7,7,0.0769230769231,124 | 125 | 1267 | 1368 | 2378 | 45678,fixed coalitionwise price-saturation,1 2 4,7,1/12,1/6,119 coalition domains; 7 x-vertices; 4 base dual vertices
67577578695868,3,2 2 1 1 1 1 1 2,1 2 3 4 5 6 7,7,0.0769230769231,124 | 1267 | 1258 | 1368 | 2378 | 45678,fixed coalitionwise price-saturation,1 3 4,7,1/12,1/3,105 coalition domains; 7 x-vertices; 4 base dual vertices
67577595468926,3,2 2 1 1 1 1 1 2,1 2 3 4 5 6 7,7,0.0769230769231,1267 | 1248 | 1258 | 1368 | 2378 | 45678,fixed coalitionwise price-saturation,3 4 5,4,1/12,1/4,114 coalition domains; 7 x-vertices; 4 base dual vertices
102851275332788,3,2 1 2 2 2 1 1 1,1 2 3 4 5 6 7 8,8,0.0833333333333,1346 | 1357 | 1458 | 2345 | 12678 | 345678,fixed coalitionwise price-saturation,1 2 3,2,1/8,22/21,22 coalition domains; 10 x-vertices; 3 base dual vertices
129647542222136,3,2 2 2 2 1 2 1 1,1 2 3 4 5 6 7 8,8,0.0909090909091,1346 | 2346 | 12357 | 12458 | 12678 | 345678,fixed coalitionwise price-saturation,1 3 6,2,1/8,9/14,19 coalition domains; 10 x-vertices; 3 base dual vertices
776794958384,4,0 2 2 2 2 2 1 1,2 3 4 5 6 7 8,7,0.0666666666667,235 | 236 | 456 | 247 | 348 | 5678,fixed coalitionwise price-saturation,2 3 4 5,5,3/14,5/14,109 coalition domains; 7 x-vertices; 2 base dual vertices
31564125883506,4,2 2 1 1 0 2 2 2,1 2 3 4 6 7 8,7,0.0666666666667,127 | 128 | 136 | 246 | 3478 | 5678,fixed coalitionwise price-saturation,1 3 4 6,8,3/14,1/3,113 coalition domains; 7 x-vertices; 4 base dual vertices
31572919258226,4,2 2 2 1 1 1 2 2,1 2 3 4 5 7 8,7,0.0666666666667,127 | 128 | 134 | 235 | 3678 | 45678,fixed coalitionwise price-saturation,1 3 4 5,8,3/14,3/14,106 coalition domains; 7 x-vertices; 4 base dual vertices
32050599074480,4,2 1 2 2 1 2 2 1,1 2 3 4 5 6 7 8,8,0.0769230769231,136 | 127 | 145 | 3467 | 2348 | 5678,fixed coalitionwise price-saturation,1 3 4 5,7,1/10,1/6,123 coalition domains; 11 x-vertices; 5 base dual vertices
32122675309624,4,2 2 2 1 2 2 1 1,1 2 3 4 5 6 7,7,0.0666666666667,125 | 126 | 134 | 3568 | 2378 | 45678,fixed coalitionwise price-saturation,2 3 4 5,5,3/14,5/14,97 coalition domains; 7 x-vertices; 3 base dual vertices
32187183975538,4,2 1 1 2 2 2 2 2,1 2 3 4 5 6 7 8,8,0.0769230769231,147 | 158 | 126 | 3456 | 2378 | 45678,fixed coalitionwise price-saturation,1 2 4 5,6,1/6,1/4,119 coalition domains; 9 x-vertices; 6 base dual vertices
32188004207408,4,2 1 2 2 2 1 2 1,1 2 3 4 5 7 8,7,0.0666666666667,135 | 145 | 127 | 3467 | 2348 | 5678,fixed coalitionwise price-saturation,1 3 4 6,4,3/14,1/3,116 coalition domains; 7 x-vertices; 5 base dual vertices
32257830722352,4,2 2 2 2 1 2 2 1,1 2 3 5 6 7 8,7,0.0666666666667,126 | 135 | 1247 | 3467 | 2348 | 5678,fixed coalitionwise price-saturation,1 2 4 5,7,3/14,1/3,120 coalition domains; 7 x-vertices; 5 base dual vertices
32257933233212,4,2 2 2 1 2 2 1 2,1 2 3 4 5 6 7,7,0.0666666666667,125 | 134 | 1268 | 3568 | 2378 | 45678,fixed coalitionwise price-saturation,1 2 4 5,6,3/14,1/3,110 coalition domains; 7 x-vertices; 4 base dual vertices
32325509753648,4,2 2 2 2 1 2 2 1,1 2 3 5 6 7 8,7,0.0666666666667,135 | 1246 | 1247 | 3467 | 2348 | 5678,fixed coalitionwise price-saturation,1 2 4 5,7,3/14,1/3,111 coalition domains; 7 x-vertices; 4 base dual vertices
32325562453054,4,2 2 2 1 2 2 1 3,1 2 3 4 5 6 7,7,0.0666666666667,134 | 1258 | 1268 | 3568 | 2378 | 45678,fixed coalitionwise price-saturation,1 2 4 5,6,3/14,3/14,102 coalition domains; 7 x-vertices; 4 base dual vertices
32463989131889,4,2 1 2 2 1 1 2 2,1 3 4 5 6 7 8,7,0.0666666666667,178 | 135 | 146 | 2347 | 2348 | 5678,fixed coalitionwise price-saturation,1 2 3 4,8,3/14,1/7,118 coalition domains; 7 x-vertices; 5 base dual vertices
32480332815540,4,2 1 2 2 2 2 2 2,1 2 3 4 5 6 7 8,8,0.0769230769231,136 | 147 | 158 | 2345 | 2678 | 345678,fixed coalitionwise price-saturation,1 3 4 6,7,1/6,1/3,84 coalition domains; 7 x-vertices; 6 base dual vertices
32532708608624,4,2 2 2 2 1 1 2 1,1 2 3 4 5 6 7 8,8,0.0909090909091,127 | 135 | 146 | 2347 | 2348 | 5678,fixed coalitionwise price-saturation,1 2 3 5,7,1/10,1/5,124 coalition domains; 9 x-vertices; 6 base dual vertices
32603676777592,4,2 2 2 1 1 2 2 1,1 2 3 4 5 6 7,7,0.0666666666667,167 | 124 | 135 | 2368 | 2378 | 45678,fixed coalitionwise price-saturation,2 3 4 6,7,3/14,1/3,97 coalition domains; 7 x-vertices; 3 base dual vertices
49295898856568,4,2 2 2 1 1 1 2 2,1 2 3 5 6 7 8,7,0.0666666666667,127 | 135 | 236 | 1248 | 3478 | 5678,fixed coalitionwise price-saturation,1 2 3 5,8,3/14,1/3,124 coalition domains; 7 x-vertices; 4 base dual vertices
49296067206712,4,2 2 2 1 1 2 2 2,1 2 3 4 5 6,6,0.0769230769231,126 | 134 | 235 | 1278 | 3678 | 45678,fixed coalitionwise price-saturation,2 3 4 5,6,3/14,5/14,78 coalition domains; 7 x-vertices; 4 base dual vertices
49714726070832,4,2 2 2 2 2 2 1 1,1 2 5 6 7 8,6,0.0833333333333,125 | 126 | 3456 | 1347 | 2348 | 5678,fixed coalitionwise price-saturation,2 3 4 5,5,3/14,5/14,102 coalition domains; 7 x-vertices; 4 base dual vertices
49714759625264,4,2 2 2 2 2 2 1 1,1 2 3 5 6 7 8,7,0.0666666666667,125 | 1246 | 3456 | 1347 | 2348 | 5678,fixed coalitionwise price-saturation,1 3 4 5,6,3/14,1/4,116 coalition domains; 7 x-vertices; 4 base dual vertices
49714776402480,4,2 2 2 3 2 2 1 1,1 2 3 5 6 7 8,7,0.0666666666667,1245 | 1246 | 3456 | 1347 | 2348 | 5678,fixed coalitionwise price-saturation,2 3 4 5,5,3/14,1/3,115 coalition domains; 7 x-vertices; 6 base dual vertices
49714793179696,4,2 2 2 0 2 2 1 1,1 2 3 5 6 7 8,7,0.0666666666667,125 | 126 | 356 | 137 | 238 | 45678,fixed coalitionwise price-saturation,2 4 5 6,5,3/14,1/3,98 coalition domains; 7 x-vertices; 3 base dual vertices
49714877336624,4,2 2 2 2 2 1 1 1,1 2 3 4 5 6,6,0.0666666666667,124 | 125 | 345 | 136 | 2378 | 45678,fixed coalitionwise price-saturation,2 3 4 5,4,3/14,5/14,84 coalition domains; 7 x-vertices; 3 base dual vertices
49714877336632,4,2 2 2 2 2 1 1 1,1 2 3 4 5 6 7,7,0.0666666666667,124 | 125 | 345 | 1368 | 2378 | 45678,fixed coalitionwise price-saturation,2 3 4 5,4,1/6,7/20,76 coalition domains; 7 x-vertices; 3 base dual vertices
49714877336636,4,2 2 2 2 2 1 1 2,1 2 3 4 5 6 7,7,0.0666666666667,124 | 125 | 3458 | 1368 | 2378 | 45678,fixed coalitionwise price-saturation,2 3 4 5,4,3/14,5/14,96 coalition domains; 7 x-vertices; 3 base dual vertices
49714877336638,4,2 2 2 2 2 1 1 3,1 2 3 4 5 6 7,7,0.0666666666667,124 | 1258 | 3458 | 1368 | 2378 | 45678,fixed coalitionwise price-saturation,1 3 4 5,5,3/14,5/14,105 coalition domains; 7 x-vertices; 4 base dual vertices
49714877336639,4,2 2 2 2 2 1 1 4,1 2 3 4 5 6 7,7,0.0666666666667,1248 | 1258 | 3458 | 1368 | 2378 | 45678,fixed coalitionwise price-saturation,2 3 4 5,4,3/14,5/14,95 coalition domains; 7 x-vertices; 3 base dual vertices
49845654141744,4,2 2 2 1 0 2 2 1,1 2 3 4 6 7 8,7,0.0666666666667,126 | 136 | 237 | 147 | 2348 | 5678,fixed coalitionwise price-saturation,1 2 5 6,7,1/7,5/14,111 coalition domains; 7 x-vertices; 4 base dual vertices
58157490408500,4,2 2 2 1 2 1 1 2,1 2 3 4 5 6 8,7,0.0666666666667,135 | 235 | 128 | 1246 | 3478 | 5678,fixed coalitionwise price-saturation,1 2 3 5,6,1/7,1/4,121 coalition domains; 7 x-vertices; 3 base dual vertices
58157556968760,4,2 2 2 2 1 1 2 2,1 2 3 5 6 7 8,7,0.0666666666667,135 | 236 | 1247 | 1248 | 3478 | 5678,fixed coalitionwise price-saturation,1 2 4 5,7,3/14,3/14,114 coalition domains; 7 x-vertices; 6 base dual vertices
58157641190972,4,2 2 2 1 1 2 2 2,1 2 3 4 5 6 7,7,0.0666666666667,134 | 235 | 1268 | 1278 | 3678 | 45678,fixed coalitionwise price-saturation,2 3 4 5,4,1/12,1/3,88 coalition domains; 7 x-vertices; 4 base dual vertices
58502195874416,4,2 2 1 2 2 1 2 1,1 2 3 4 5 7 8,7,0.0666666666667,127 | 245 | 135 | 1467 | 2348 | 5678,fixed coalitionwise price-saturation,1 2 3 6,4,3/14,3/14,114 coalition domains; 7 x-vertices; 4 base dual vertices
58646110038576,4,2 2 2 1 2 2 1 1,1 2 3 5 6 7 8,7,0.0666666666667,125 | 356 | 1246 | 1347 | 2348 | 5678,fixed coalitionwise price-saturation,1 2 4 5,6,3/14,1/4,107 coalition domains; 7 x-vertices; 3 base dual vertices
58646228274236,4,2 2 2 2 2 1 1 2,1 2 3 4 5 6 7,7,0.0666666666667,124 | 345 | 1258 | 1368 | 2378 | 45678,fixed coalitionwise price-saturation,1 2 4 5,5,3/14,1/4,89 coalition domains; 7 x-vertices; 3 base dual vertices
58713722210864,4,2 2 2 2 2 1 1 1,1 2 3 4 5 6 7 8,8,0.0909090909091,135 | 245 | 126 | 1347 | 2348 | 5678,fixed coalitionwise price-saturation,1 3 4 5,5,1/10,3/10,105 coalition domains; 9 x-vertices; 5 base dual vertices
58713873493048,4,2 2 2 2 1 2 1 1,1 2 3 4 5 6 7,7,0.0666666666667,134 | 246 | 125 | 1368 | 2378 | 45678,fixed coalitionwise price-saturation,1 3 5 6,6,3/14,1/4,93 coalition domains; 7 x-vertices; 3 base dual vertices
62832579070512,4,2 1 2 2 2 1 1 1,1 2 3 4 5 6 7 8,8,0.0909090909091,345 | 125 | 136 | 147 | 2348 | 5678,fixed coalitionwise price-saturation,1 2 3 4,8,1/10,3/14,125 coalition domains; 9 x-vertices; 4 base dual vertices
62900207245938,4,2 2 1 1 0 2 2 2,1 2 3 4 6 7 8,7,0.0666666666667,267 | 128 | 136 | 147 | 2348 | 5678,fixed coalitionwise price-saturation,1 2 3 6,4,1/12,1/4,104 coalition domains; 7 x-vertices; 4 base dual vertices
62908864813680,4,2 2 2 2 1 2 2 1,1 2 5 6 7 8,6,0.0714285714286,267 | 125 | 1346 | 1347 | 2348 | 5678,fixed coalitionwise price-saturation,1 2 4 5,6,3/14,5/14,101 coalition domains; 7 x-vertices; 4 base dual vertices
62908966280252,4,2 2 2 1 2 2 1 2,1 2 3 4 5 6 7,7,0.0666666666667,256 | 124 | 1358 | 1368 | 2378 | 45678,fixed coalitionwise price-saturation,1 2 4 5,5,3/14,5/14,92 coalition domains; 7 x-vertices; 4 base dual vertices
63043200519218,4,2 2 2 2 1 1 1 2,1 2 3 4 5 6 8,7,0.0666666666667,234 | 148 | 125 | 136 | 2378 | 45678,fixed coalitionwise price-saturation,1 3 4 6,8,3/14,1/3,107 coalition domains; 7 x-vertices; 4 base dual vertices
63111835834928,4,2 2 2 2 2 2 1 1,1 2 3 5 6 7 8,7,0.0666666666667,356 | 1245 | 1246 | 1347 | 2348 | 5678,fixed coalitionwise price-saturation,2 3 4 6,3,1/7,5/14,108 coalition domains; 7 x-vertices; 5 base dual vertices
63111920258110,4,2 2 2 2 2 1 1 3,1 2 3 4 5 6 7,7,0.0666666666667,345 | 1248 | 1258 | 1368 | 2378 | 45678,fixed coalitionwise price-saturation,1 3 4 5,4,3/14,5/14,79 coalition domains; 7 x-vertices; 3 base dual vertices
